,V21,V22,V23,V24,V25,V26,V27,V28,V29,V30,V31,V32,V33,V34,V35,V36,V37,V38,V39,V40
82,-1.60706619327973,0.971225688128509,-0.335965764999495,-0.28787689198654,-0.906772942033354,-1.56125059149655,0.0656718463221442,0.65984182622283,1.51331854434568,-0.428307676747065,-0.633360786364553,0.230243383980043,-1.74833953912936,-0.471461505501454,0.662194690996537,-0.385224165072971,0.490678173507186,-1.09496128386155,0.424931517902455,-0.577008481370444
68,-1.18257993869175,1.28205003426287,2.09062885050436,-0.0340294075671493,0.268232044766482,0.258028988004211,1.06621998570725,1.75522788068273,2.4440040259522,0.559769240751924,-0.741402028729107,-0.253445643612968,0.438296747858477,-0.0216663648459104,0.562261859399867,-0.0078250891639901,1.47157973130305,0.937616861752161,0.810380785072763,0.404005848610085
9,-0.757778153745882,-0.974579638708248,-0.622389928843973,0.253550188395241,0.140642558829367,-0.513498031240176,0.881846797956645,-0.906705689843849,-0.705140726567302,-0.175084032077698,0.858280580590951,-0.143875724680254,-0.494429326846697,-0.732602793335295,0.0220813421298596,0.445544409803386,-0.201226612839253,-0.180613018898512,-0.934197355401413,-1.08019918699756
65,0.154594196653319,0.316450858914116,-0.352145888214714,-1.18863685818744,0.946973870921035,0.245697806411511,-1.08448878291163,-1.63120716203677,-0.608506607356844,-0.324320302347882,-0.786950651471127,-0.454481571319817,-0.487660180096994,0.435268894626691,-0.625444258195602,-0.246682050315433,-0.558297996481862,-0.18152700217345,-0.357730153192838,-0.536422407284062
85,-1.23982693793599,-1.44654266600363,-0.851131617992068,-0.0669596501051914,-2.06491883494422,-0.467259047490687,-0.115856575792984,-1.26764718294589,-0.815154641474676,-1.23690840547856,-0.520220004622754,-0.948795685786532,-1.02392207995033,-2.18138384440643,0.239665332440412,-1.35251574647823,-1.46579687819633,-1.05940944597881,-0.701266079304742,-0.838020330871693
77,0.411558312000831,0.0750104458957311,-1.25313113991794,0.342716156935282,0.0432897233021309,-1.09370900796341,-0.986028116881389,0.465271616201872,0.267450747342144,-0.0543014006032921,-1.63705997902226,0.0942087462371651,-0.398598397554153,-2.40642561871937,-0.738641860953093,-0.979718702335964,0.427781745853985,-0.672242510977482,-0.717301107512693,-0.296315871202831
87,0.267638387549037,-0.324701411964088,-0.708169586975153,-0.0847825873491855,-1.56202559761888,-0.782880120134994,0.14127546496517,0.463366901260856,0.328624540962802,-0.723989815860215,-0.104801586595202,0.34240252311208,-0.547864021233191,-0.3095217778575,-0.341993331691401,-0.617064429938671,0.201052496557453,-0.188160167921302,-1.75075191340196,-0.778943510205179
71,-0.168438167513124,0.240695289532378,0.674395411973878,1.47652862676122,0.406611948481351,0.656481766829887,0.191363124610162,1.36020332299161,0.732277549872029,1.23330767009925,0.400277491057107,0.922186693202111,1.8616909563489,1.58373638652828,1.14082362394959,0.945728290931286,0.743803820952543,1.64161323338812,0.953555299863878,0.0272643442522631
62,-0.585928352441488,-1.26036982595444,-1.24259545848022,-0.255226371194417,0.512313216041983,-1.59662316355095,-1.01591464310441,1.1132991811571,-0.498329871692588,0.0943561784618159,-0.733762932358921,-0.369496349757723,0.0834598565933096,-0.0050330416220276,-0.813226936134213,-0.0166837789214639,-1.45328342202647,-0.813810375860632,-2.1024846966176,-0.911951918403648
6,0.49344388005407,-0.0307045572075969,-0.583199023536404,0.80762069169246,-0.202938858514305,0.599394054724104,0.195763668290742,-0.71235318993358,0.303548109143255,-0.77936448660728,1.04787587169663,0.487896582858049,-1.35670877257073,-0.058582585049165,-0.362470099419996,-0.111431318123568,-0.705356086369079,0.299918966683722,-0.060408860084376,1.03388124642066
61,-2.05647118587381,-0.963508920696493,-0.653079103370534,-0.218603801610276,1.30723934471395,-0.683375972684536,-0.839560157224084,-0.253826867627578,-0.188050496337223,-1.04597994418685,-1.0779239683808,0.688220732900541,-0.479602520325631,-0.694309222918554,-1.08035849926684,-1.25835268597388,0.30554485155405,-0.480562421188006,-0.683240637804387,-0.0069885941825492
34,-0.661223144139657,1.84755823939399,1.04313511409041,0.0492181150322037,1.42325714820335,-0.036596067033408,-0.044311769236819,0.706401966607669,0.71447920588518,1.92784281321619,-0.27168384250397,1.27988075858605,1.06925247910737,0.324498670804188,0.489380361038044,1.27132130044786,1.50532903394623,1.1843923459866,1.0249485140138,0.280884918927635
25,1.55961823930374,-0.637054950802231,-0.38398773642679,0.130759334981467,-0.825369859549718,0.294427193709239,0.605574790304407,-0.0389986821014034,-0.330099395161458,-1.11542288879616,2.45628603833122,-0.715255244740823,1.06889917714981,1.24339341831678,0.206279175470252,-0.283958802817043,-0.675262664297836,0.746808524987301,-0.817565604574614,0.834373343941244
12,0.119023588978853,-1.61640730303062,-0.68385975993563,-1.43247263511757,-0.887145268152745,-1.09918200132326,-1.16915428407946,-2.08243472802913,-1.07374656755732,-0.739529920778306,-0.0229320790318952,-1.27032061442203,-1.22607611599746,-0.439219111658631,-1.1972847916851,-0.707885925362891,-2.00146566868598,-0.354055673439469,-1.39719335964779,-1.34259258319524
8,-0.481232115583619,-2.62849712239248,-0.873316012336338,-1.05543802481102,-2.32656992288218,-1.10247699678708,-0.561864267931331,-2.42177222055804,-0.253154375977159,-2.1196714509302,-0.382323648547626,0.244135942957862,-2.46191745673683,-1.51937165021241,-0.882658973486111,-1.28005809943162,-1.89215366406078,-1.61418221163656,-1.94916113206964,-1.73255925729249
45,0.533323109167429,0.191012455750129,-0.635096783996219,0.708156300873587,-1.67389159842227,-0.243458711586469,-0.0959522092813615,0.469736164636159,-0.110796117714845,-0.433729934065873,1.76256939347941,-0.697331857902912,1.15447841182537,0.638963088331441,2.20613733674966,0.171958196737033,0.982876075395481,0.283376774341203,-0.714649183155603,-0.379189833715292
4,0.878355555529417,0.247426923247156,0.0699552869781662,0.455546585179875,-0.561076133192599,-0.120877806996708,1.76746220896492,0.385334229395029,0.574553082678818,-0.643673289931742,0.35489454093393,-0.3597841951057,-0.579215858810775,0.408096551178311,0.250081407264338,0.309422863390112,-0.153124158497248,-0.417753973165403,-1.00956551603779,0.99383209161857
69,0.482778409939243,-0.647717884092977,-1.40178030433033,-1.54225642734622,-1.3328653007779,-0.857736640515726,-1.7055799592133,-1.72509588990947,-2.81151825896049,-1.45196221244316,-1.13984694653306,-0.952955458875673,-1.08919684330078,-2.12235454954288,-0.283406083859674,-2.92158423356757,-0.933516536500444,-2.81551217559213,0.0385326148481793,-0.0621970840990694
55,-0.048912003834031,0.636737084903122,-0.192430446541106,0.92455137452928,1.50419275264676,-0.167953802116254,-0.185189119926626,0.385776608387071,0.13476200677926,-0.0231789119576098,0.11298755305677,0.881094427608544,-0.246319316001894,0.935627073745502,0.836244396198163,-0.218207901231608,0.29270518739104,1.00164697058781,1.29094358314798,0.0775620636387575
17,-1.05360146472217,0.0152890991767773,-1.42291570463275,0.453784338180602,-0.241438556840639,-1.60179554015113,-0.162044298565744,-0.341865257594298,0.168309188475681,-0.27448415564576,-1.49575258258931,0.316961629420566,-1.09601646175871,-0.291759081366595,-0.918123832634782,-0.496036012725644,-0.502963128886217,-1.18886627835736,-0.467429268061747,-0.448047377016734
53,0.238884323640891,-0.992499865705694,1.29323480983469,0.955479275569468,-0.0150809936380822,-0.507921885070624,0.0293643633117825,1.11488776908807,0.979897392200174,0.580319384596163,-1.31894812545344,0.352924453802538,0.195468452832849,0.632812181898628,0.562067245491704,0.179671544399903,0.539532963400973,0.0920737403582182,-0.0193540133854695,0.958624630011682
81,-2.1975921384439,-0.693765699385609,-0.827574993069801,-2.23570295257552,-0.759564320627324,-1.53838308719977,-1.98396530698462,-0.804074757800329,-1.27095303303536,-0.967901552736459,-1.24894350078476,-1.02811763288876,-2.38283125887776,-1.73337305960475,-1.60168685186771,-2.44002101721479,-1.28712893989131,-0.884540012266072,-0.563380712981926,-1.0254240003631
52,-0.704801694690447,-0.94916636746227,-1.89811305499023,-0.625990552363334,-1.15108465042458,-1.16676772223239,-0.273331889942862,-0.280859703426641,0.340683453269497,-0.860264988592018,-0.95891882982956,-0.650705263078532,-1.30473478879865,-1.81804101441088,-0.764990891823684,-2.36035479956247,-1.70833692932326,-1.50645585949788,-0.453740399096542,-0.85552515549119
5,0.913754797578476,0.676977153739522,-0.920499398410412,-0.482856934977764,-0.308702029559711,1.50840313872381,1.7835985350089,-0.653340826505346,-0.825062284531048,-0.611094824783787,0.548259451490261,-1.11591128153956,-1.34718149541292,1.34051951928086,-0.831390900896215,0.267455521743341,-0.63791331848695,-1.41879189271117,0.693413868639857,-0.768801701501865
13,-1.61531350401376,1.01672235688416,-1.22028908808457,-0.210610752720705,0.0164172070995219,1.3535737186017,-0.759385129103617,0.393856735234965,-0.323224288702046,0.582652646395631,0.738038571118221,0.766867007002554,0.266974987686647,0.671515453357345,-1.10960135433709,0.47252784301666,0.293401685538583,-0.378908175757125,0.433445900317237,0.615112463581782
31,0.493813812197817,1.33991404901035,0.872493667614672,1.22970915120799,1.38896902144487,1.9731065463789,0.416003685154533,-0.168804607687496,-0.202456062802506,0.762966484076406,0.140060274565966,0.662086113876745,0.679599015941411,1.37850850931771,1.20481211285574,1.65137119388506,-0.372670954322874,0.662094642830599,-0.51334107600002,1.43745929535657
23,-0.304382790160106,1.62374814392296,0.994350792342008,-0.043784703455997,-0.154903888929167,-0.978664152927308,-1.09959991417445,-0.701638671335327,-1.09939694254488,-0.277964230153009,0.371582085678428,-0.465931907659435,1.57386564898181,0.101322114392872,1.23038832907652,0.747386330420054,1.4107375323635,-0.0658794616519532,1.14325315282195,0.590734444147558
